"sample_size";"model";"intercept";"n_noise_variables";"b_X1";"b_X2";"b_X3";"b_X1X2";"b_X1X3";"b_X2X3";"trouble_LogReg";"trouble_ElasticNetRoc";"trouble_ElasticNetLogloss";"trouble_GBMRoc";"trouble_GBMLogloss";"trouble_UpsamplingLogReg";"trouble_UpsamplingElasticNetRoc";"trouble_UpsamplingElasticNetLogloss";"trouble_UpsamplingGBMRoc";"trouble_UpsamplingGBMLogloss";"auc_LogReg";"auc_ElasticNetRoc";"auc_ElasticNetLogloss";"auc_GBMRoc";"auc_GBMLogloss";"auc_UpsamplingLogReg";"auc_UpsamplingElasticNetRoc";"auc_UpsamplingElasticNetLogloss";"auc_UpsamplingGBMRoc";"auc_UpsamplingGBMLogloss";"misclassification_LogReg";"misclassification_ElasticNetRoc";"misclassification_ElasticNetLogloss";"misclassification_GBMRoc";"misclassification_GBMLogloss";"misclassification_UpsamplingLogReg";"misclassification_UpsamplingElasticNetRoc";"misclassification_UpsamplingElasticNetLogloss";"misclassification_UpsamplingGBMRoc";"misclassification_UpsamplingGBMLogloss";"logLoss_LogReg";"logLoss_ElasticNetRoc";"logLoss_ElasticNetLogloss";"logLoss_GBMRoc";"logLoss_GBMLogloss";"logLoss_UpsamplingLogReg";"logLoss_UpsamplingElasticNetRoc";"logLoss_UpsamplingElasticNetLogloss";"logLoss_UpsamplingGBMRoc";"logLoss_UpsamplingGBMLogloss"
100;"Y~X1*X2*X3-(X1:X2:X3)";-0,218736944568064;5;0,405465108108164;0,916290731874155;1,38629436111989;0,405465108108164;0,916290731874155;1,38629436111989;0;0;0;0;0;0;0;0;0;0;0,831808308754753;0,776014897049213;0,774735812953069;0,733220946104926;0,734029657970757;0,831320169197641;0,775138727102783;0,773398123728311;0,732594343578886;0,733885531306981;0,2457;0,30809;0,30315;0,32292;0,32213;0,24492;0,29176;0,29383;0,32;0,31707;0,514502368909428;0,604375532428801;0,5848517921865;0,619875882745256;0,609860687909733;0,513686847977713;0,601240888401942;0,580796233643561;0,617093961161093;0,605823533553479
500;"Y~X1*X2*X3-(X1:X2:X3)";-0,218736944568064;5;0,405465108108164;0,916290731874155;1,38629436111989;0,405465108108164;0,916290731874155;1,38629436111989;0;0;0;0;0;0;0;0;0;0;0,848910182169323;0,82883211919236;0,830844747132245;0,785360644077367;0,785521184603467;0,84879627307527;0,828849721371847;0,830944817152032;0,785042585670121;0,785361676683961;0,228834;0,249072;0,244306;0,27295;0,271126;0,22857;0,245302;0,243358;0,272446;0,271568;0,468807007340922;0,56336767537957;0,500282944553925;0,549670734938411;0,548158763448781;0,46843665481497;0,560503038022189;0,499915587099141;0,54953071079825;0,548281581680624
1000;"Y~X1*X2*X3-(X1:X2:X3)";-0,218736944568064;5;0,405465108108164;0,916290731874155;1,38629436111989;0,405465108108164;0,916290731874155;1,38629436111989;0;0;0;0;0;0;0;0;0;0;0,850681210282102;0,837382453046126;0,840672597680054;0,801777241602559;0,801365757658202;0,850629342325978;0,837453300317898;0,840747349922318;0,801270909226398;0,801400426053836;0,22723;0,23974;0,235419;0,260357;0,259986;0,227073;0,238055;0,235008;0,26056;0,259636;0,465302485569928;0,546346464706398;0,485301873287304;0,530859821400684;0,528455221730518;0,465078354075057;0,544454535271749;0,485028338786549;0,531436191523747;0,528015998503136
5000;"Y~X1*X2*X3-(X1:X2:X3)";-0,218736944568064;5;0,405465108108164;0,916290731874155;1,38629436111989;0,405465108108164;0,916290731874155;1,38629436111989;0;0;0;0;0;0;0;0;0;0;0,852495198837912;0,847526987945559;0,850198308992772;0,82964345260261;0,830795894073629;0,852488489463688;0,847566523184717;0,850186819522994;0,82987761991901;0,830587714784886;0,2254786;0,2304866;0,227202;0,2407972;0,2394658;0,2254448;0,2302916;0,227117;0,2406974;0,2394328;0,461870321776455;0,506210073005192;0,46899597156641;0,495964077960074;0,493468132098962;0,461819108820476;0,505691056868111;0,468938967042449;0,49564115305778;0,493640065946925
100;"Y~X1*X2*X3-(X1:X2:X3)";-4,98767884091737;5;0,405465108108164;0,916290731874155;1,38629436111989;0,405465108108164;0,916290731874155;1,38629436111989;0;0,003;0;0;0;0;0;0;0;0;0,912676628828859;0,925721318291129;0,924950620878577;0,89339995688006;0,894073255919237;0,910712815590785;0,913703554287986;0,907036653052591;0,889703507662176;0,890921284286834;0,06488;0,085456369107322;0,0759;0,07671;0,07624;0,09484;0,09132;0,08803;0,11078;0,10227;0,686735991471444;0,227999656156446;0,201731294356947;0,225289091914873;0,214154961049561;0,826568908836618;0,334157600304208;0,261737305188518;0,302170970915776;0,260218308324997
500;"Y~X1*X2*X3-(X1:X2:X3)";-4,98767884091737;5;0,405465108108164;0,916290731874155;1,38629436111989;0,405465108108164;0,916290731874155;1,38629436111989;0;0;0;0;0;0;0;0;0;0;0,960894039011817;0,959566178042701;0,957721135425121;0,920015812975718;0,919823162471139;0,959526629759516;0,952991830673844;0,949943174845614;0,923853896679579;0,931790720043628;0,046676;0,083182;0,054806;0,063132;0,062988;0,090066;0,08198;0,08579;0,11985;0,082028;0,128887432799023;0,202423969301164;0,145378260157064;0,176136546714994;0,174917531281068;0,232109375570875;0,34162468306551;0,236863956564294;0,304854735145935;0,20855791974999
1000;"Y~X1*X2*X3-(X1:X2:X3)";-4,98767884091737;5;0,405465108108164;0,916290731874155;1,38629436111989;0,405465108108164;0,916290731874155;1,38629436111989;0;0;0;0;0;0;0;0;0;0;0,964023618159249;0,962454339367256;0,961823009927491;0,931648371335322;0,931618612993357;0,963245597876576;0,958262167678278;0,957440370501427;0,932857979036656;0,939619139345224;0,045334;0,084054;0,050237;0,057035;0,056656;0,088792;0,081526;0,08546;0,114404;0,07835;0,122820731503674;0,202265409740895;0,135161289931162;0,159957400804825;0,158522673923608;0,225733945157714;0,343342667577873;0,231712692643502;0,287377791403949;0,198364467532415
5000;"Y~X1*X2*X3-(X1:X2:X3)";-4,98767884091737;5;0,405465108108164;0,916290731874155;1,38629436111989;0,405465108108164;0,916290731874155;1,38629436111989;0;0;0;0;0;0;0;0;0;0;0,965702272943708;0,964174226448855;0,964940642597726;0,946854234144223;0,945760215652576;0,96554208181323;0,962123915512808;0,964078374899337;0,9518821632599;0,953755723400498;0,0442754;0,0836876;0,0459114;0,0491314;0,0493346;0,0889682;0,082211;0,0871076;0,1011782;0,0817306;0,119056909330397;0,200276154210036;0,124297128213942;0,138727883102398;0,138567469191848;0,224026850813638;0,336493284061657;0,229301014194744;0,2537971708798;0,200666764098652
100;"Y~X1*X2*X3-(X1:X2:X3)";-7,10294720032325;5;0,405465108108164;0,916290731874155;1,38629436111989;0,405465108108164;0,916290731874155;1,38629436111989;0,007;0,125;0,043;0,043;0,007;0,007;0,043;0,043;0,043;0,007;0,90538973691166;0,937891933967484;0,932082143127537;0,924624571488364;0,92260255529999;0,903958352934563;0,928950392029296;0,923262965489233;0,904917984151542;0,899421943754324;0,0442396777442095;0,0446857142857143;0,0420271682340648;0,0438349007314525;0,0431218529707956;0,0595568982880161;0,0593207941483804;0,0551724137931034;0,0662068965517241;0,0633635448136959;0,842112534399028;0,134337196334874;0,132015192224791;0,133602617065797;0,130984599957804;0,95973987783276;0,233609061408926;0,173855953468013;0,205501213821414;0,178004853122146
500;"Y~X1*X2*X3-(X1:X2:X3)";-7,10294720032325;5;0,405465108108164;0,916290731874155;1,38629436111989;0,405465108108164;0,916290731874155;1,38629436111989;0;0;0;0;0;0;0;0;0;0;0,976350376092264;0,978997754505066;0,978502861598627;0,944839907482233;0,942780238319155;0,975631476111866;0,973864000672236;0,971616851243224;0,949254582749594;0,95329866045867;0,024284;0,043052;0,029464;0,03465;0,03574;0,059422;0,060002;0,054848;0,081384;0,04748;0,0758596705477226;0,11311754991418;0,0785867475700312;0,102657133544803;0,103418810646652;0,171075594545789;0,242745641872223;0,149367126912885;0,216387384289758;0,122954817047397
1000;"Y~X1*X2*X3-(X1:X2:X3)";-7,10294720032325;5;0,405465108108164;0,916290731874155;1,38629436111989;0,405465108108164;0,916290731874155;1,38629436111989;0;0;0;0;0;0;0;0;0;0;0,980490534535124;0,980971657687859;0,980756902506526;0,953107314759656;0,953152626421969;0,979702924934952;0,977970578145738;0,976122934562935;0,957014131971997;0,961621908729093;0,022853;0,043677;0,026479;0,032272;0,032124;0,062069;0,061934;0,058038;0,084418;0,044448;0,0636993893645265;0,112708859857696;0,0707452205413917;0,0930563713224001;0,0911884091107657;0,161113758108422;0,249509059962007;0,153896535344441;0,220652155219058;0,114026224580247
5000;"Y~X1*X2*X3-(X1:X2:X3)";-7,10294720032325;5;0,405465108108164;0,916290731874155;1,38629436111989;0,405465108108164;0,916290731874155;1,38629436111989;0;0;0;0;0;0;0;0;0;0;0,983761688794385;0,982583479135258;0,983262859587127;0,96745104927348;0,967458902093458;0,983461887519029;0,981377703642044;0,982047564675922;0,971028961588735;0,973175036361998;0,0216872;0,0442728;0,022957;0,0257312;0,0255214;0,062817;0,063419;0,0621118;0,076687;0,0457924;0,0584134485279897;0,112908681188874;0,0622794275407343;0,0747367949280011;0,0741494449744126;0,157371465737858;0,260991455658022;0,159347349162392;0,190468165434246;0,11384212888431
100;"Y~X1*X2*X3-(X1:X2:X3)";-12,1170983000624;5;0,405465108108164;0,916290731874155;1,38629436111989;0,405465108108164;0,916290731874155;1,38629436111989;0,588;0,947;0,835;0,834;0,588;0,588;0,835;0,835;0,834;0,588;0,916289368379505;0,983551016057546;0,952280130721362;0,971762987071034;0,960685777767616;0,916156411085163;0,94715895730395;0,936448683776599;0,925964386458802;0,886224630459388;0,0217961165048544;0,0141509433962264;0,0154545454545455;0,016144578313253;0,0152669902912621;0,0236893203883495;0,022969696969697;0,0218181818181818;0,0263253012048193;0,0229611650485437;0,398480275210106;0,049049059235952;0,0624065189813203;0,0481427010576886;0,0509398322484707;0,447123701137705;0,119327893293944;0,0828663666261847;0,110292912457131;0,104440481245554
500;"Y~X1*X2*X3-(X1:X2:X3)";-12,1170983000624;5;0,405465108108164;0,916290731874155;1,38629436111989;0,405465108108164;0,916290731874155;1,38629436111989;0,018;0,139;0,05;0,049;0,018;0,018;0,05;0,05;0,049;0,018;0,922128954364253;0,987338010724437;0,982033681530965;0,955265340474545;0,958244788806975;0,930183513055138;0,976801154795701;0,973467418289517;0,941553883815787;0,943367244887308;0,00960488798370672;0,00911498257839721;0,00854105263157895;0,00925762355415352;0,0090081466395112;0,0163034623217923;0,0216021052631579;0,0168757894736842;0,021205047318612;0,0151995926680244;0,193244594844988;0,0305889244529241;0,0292012249914387;0,0426840229854939;0,0345386120475583;0,278328522348255;0,089967858616551;0,0510973365498823;0,0745644450516079;0,0485120411156385
1000;"Y~X1*X2*X3-(X1:X2:X3)";-12,1170983000624;5;0,405465108108164;0,916290731874155;1,38629436111989;0,405465108108164;0,916290731874155;1,38629436111989;0;0,002;0;0;0;0;0;0;0;0;0,966977434133525;0,99299395980299;0,992214982275516;0,962706428146418;0,96701472311638;0,971152533897544;0,991884521225181;0,989463934456085;0,972205139675781;0,975977477183252;0,006178;0,00888176352705411;0,007315;0,008686;0,00863;0,016047;0,025198;0,016629;0,025618;0,012658;0,0642982524209828;0,0274834156183753;0,0208714322629738;0,0422114570681142;0,029771976503016;0,150331666790022;0,0983860064112457;0,0460952692540932;0,080127721946062;0,036714294363794
5000;"Y~X1*X2*X3-(X1:X2:X3)";-12,1170983000624;5;0,405465108108164;0,916290731874155;1,38629436111989;0,405465108108164;0,916290731874155;1,38629436111989;0;0;0;0;0;0;0;0;0;0;0,995431191379479;0,996000199574423;0,996386787348297;0,979226482484494;0,980070396108235;0,994773664917329;0,995899772041742;0,995049465881547;0,986358265229377;0,987560280699976;0,0045612;0,0087258;0,0052436;0,0072142;0,0068328;0,0235256;0,0325604;0,020748;0,0354122;0,01081;0,0126859287356809;0,0252833158055064;0,0140424293568046;0,0245155629775445;0,0233616294034446;0,071051135655304;0,119231620328424;0,0547671388176141;0,0981665809952731;0,0287320316285994
100;"Y~X1*X2*X3-(X1:X2:X3)";-14,2826979128162;5;0,405465108108164;0,916290731874155;1,38629436111989;0,405465108108164;0,916290731874155;1,38629436111989;0,856;0,994;0,974;0,974;0,856;0,856;0,974;0,974;0,974;0,856;0,934974823110715;0,997448979591837;0,975805224884754;0,968936163247651;0,967760115192767;0,927164778512502;0,965876497908899;0,968592036338723;0,944500772096501;0,894630300834277;0,0173611111111111;0,0166666666666667;0,0130769230769231;0,0119230769230769;0,0124305555555556;0,0181944444444444;0,0169230769230769;0,0153846153846154;0,0223076923076923;0,0176388888888889;0,300952539335813;0,0539097301436091;0,0480052184647262;0,0398117943589506;0,0449713090767076;0,328066040503644;0,101482003854736;0,0717018438139479;0,0838601665191533;0,0935744064100565
500;"Y~X1*X2*X3-(X1:X2:X3)";-14,2826979128162;5;0,405465108108164;0,916290731874155;1,38629436111989;0,405465108108164;0,916290731874155;1,38629436111989;0,168;0,557;0,354;0,354;0,168;0,168;0,354;0,354;0,354;0,168;0,920533579316174;0,989264992304498;0,980507659070189;0,958742882621168;0,947130892654774;0,928400159689398;0,982086803704256;0,978616746838049;0,926572778397021;0,910758099470631;0,00676442307692308;0,00525959367945824;0,0050061919504644;0,00555108359133127;0,00553605769230769;0,00975721153846154;0,0141145510835913;0,0110247678018576;0,0123034055727554;0,00964903846153846;0,144781996031297;0,0191904205705763;0,0187617824940935;0,0306996661879515;0,0299743363538581;0,231611736976865;0,0608919631454458;0,0350422060829255;0,0555618998222398;0,0411029648978895
1000;"Y~X1*X2*X3-(X1:X2:X3)";-14,2826979128162;5;0,405465108108164;0,916290731874155;1,38629436111989;0,405465108108164;0,916290731874155;1,38629436111989;0,011;0,133;0,042;0,042;0,011;0,011;0,042;0,042;0,042;0,011;0,924168668302946;0,993809371351623;0,990816338368903;0,946953501210865;0,96427309704681;0,935007996705676;0,988445352269358;0,98583910605054;0,951867407401053;0,956636495184753;0,0046845298281092;0,00436908881199539;0,00408977035490605;0,00496659707724426;0,00452173913043478;0,0106663296258847;0,01430375782881;0,00981106471816284;0,0121085594989562;0,0077896865520728;0,0932101749788007;0,0152593559878618;0,0139833732552116;0,037775399093126;0,0187602298261713;0,205817520175538;0,0569199736786992;0,0289946311288484;0,0484545676624001;0,0264175705373263
5000;"Y~X1*X2*X3-(X1:X2:X3)";-14,2826979128162;5;0,405465108108164;0,916290731874155;1,38629436111989;0,405465108108164;0,916290731874155;1,38629436111989;0;0;0;0;0;0;0;0;0;0;0,996747032238214;0,997685585542764;0,997946322773801;0,972564769365619;0,974285203005262;0,996538612311353;0,99764989905775;0,996933199278624;0,990162056548933;0,989657114910914;0,0024214;0,004253;0,0029274;0,0041324;0,0040784;0,0122954;0,021718;0,010965;0,0210428;0,0061106;0,00721978806985413;0,0127230443095427;0,00791830673396934;0,0170172643619602;0,0154516735894136;0,0469807224502676;0,0771948156705964;0,0300752845614816;0,0631913871936364;0,0169424847090862
100;"Y~X1*X2*X3-(X1:X2:X3)";-0,218736944568064;15;0,405465108108164;0,916290731874155;1,38629436111989;0,405465108108164;0,916290731874155;1,38629436111989;0;0;0;0;0;0;0;0;0;0;0,834833782142195;0,737229189139214;0,728535746244858;0,722022511133538;0,724433265655953;0,833903077753381;0,737093104683938;0,727984654570126;0,721649300730242;0,723573946275856;0,24265;0,34519;0,34121;0,32968;0,32685;0,24225;0,32184;0,32996;0,32616;0,32389;0,512190115535427;0,635863278300532;0,623635887864786;0,627104846670427;0,617807611582693;0,512053002453828;0,634309896042644;0,619634898206281;0,624252091170997;0,615728222310872
500;"Y~X1*X2*X3-(X1:X2:X3)";-0,218736944568064;15;0,405465108108164;0,916290731874155;1,38629436111989;0,405465108108164;0,916290731874155;1,38629436111989;0;0;0;0;0;0;0;0;0;0;0,849286812813283;0,820600503003435;0,820108842019149;0,774472585563865;0,777208728884288;0,849161369054893;0,82067224323935;0,820513023303692;0,773721480168383;0,776727258633043;0,228568;0,257194;0,255314;0,279506;0,277068;0,228468;0,251678;0,254012;0,280132;0,276058;0,468432471624096;0,574433920346432;0,516464163132089;0,561728440915456;0,558561153678883;0,468088557513662;0,572403484250256;0,515550505292286;0,561958682102245;0,557881342246419
1000;"Y~X1*X2*X3-(X1:X2:X3)";-0,218736944568064;15;0,405465108108164;0,916290731874155;1,38629436111989;0,405465108108164;0,916290731874155;1,38629436111989;0;0;0;0;0;0;0;0;0;0;0,851119839109285;0,834160637061273;0,835214251888552;0,79442869346821;0,794176867097173;0,851084134211484;0,834123585418916;0,835578658984465;0,79413550005786;0,793772005911625;0,22673;0,242323;0,240666;0,264265;0,263724;0,226541;0,241018;0,240027;0,263671;0,26381;0,464518411819191;0,55277122200805;0,493760967536192;0,539834128351624;0,538173489009882;0,46431086103947;0,551801811018038;0,493478658152935;0,539822002493628;0,538145765343381
5000;"Y~X1*X2*X3-(X1:X2:X3)";-0,218736944568064;15;0,405465108108164;0,916290731874155;1,38629436111989;0,405465108108164;0,916290731874155;1,38629436111989;0;0;0;0;0;0;0;0;0;0;0,852325607089442;0,846757840498151;0,847951700491982;0,822278983937156;0,823520471886211;0,85232517511536;0,846796470063393;0,847991546438185;0,822708207758504;0,823395299964601;0,2254154;0,2309644;0,2288338;0,2476592;0,2448068;0,2253912;0,2307944;0,2287922;0,2475294;0,2447568;0,462110931529464;0,507105047769022;0,471860593178917;0,507652474731853;0,502610997799025;0,462068952603505;0,507251000888856;0,471727700689109;0,507329998786045;0,502655267570657
100;"Y~X1*X2*X3-(X1:X2:X3)";-4,98767884091737;15;0,405465108108164;0,916290731874155;1,38629436111989;0,405465108108164;0,916290731874155;1,38629436111989;0;0,003;0,001;0,001;0;0;0,001;0,001;0,001;0;0,916262496209628;0,896541277845404;0,8912791528959;0,877221971637046;0,87902540743876;0,912813293617885;0,882362019423589;0,859299579014759;0,874243926595648;0,873680731047905;0,06345;0,0917853560682046;0,0833833833833834;0,0815115115115115;0,08079;0,09339;0,0936336336336336;0,0890890890890891;0,111711711711712;0,10277;0,635973549126554;0,250998582239141;0,227083970378399;0,241269454876953;0,223942376305377;0,754909071311343;0,36710073782458;0,265781202409113;0,305331247001402;0,268808243167659
500;"Y~X1*X2*X3-(X1:X2:X3)";-4,98767884091737;15;0,405465108108164;0,916290731874155;1,38629436111989;0,405465108108164;0,916290731874155;1,38629436111989;0;0;0;0;0;0;0;0;0;0;0,959497572120081;0,956397295849228;0,952031870243361;0,913855205708878;0,91348875717469;0,95782617242746;0,946825424923577;0,928875646463824;0,919348902610831;0,925175106526403;0,046894;0,084496;0,058156;0,066202;0,06589;0,09056;0,079206;0,081516;0,123476;0,082558;0,130497810335357;0,205506738507054;0,153425959697161;0,183783853420095;0,18231599852349;0,233780952812415;0,34078920002226;0,222756877540632;0,314529416922222;0,210969259831119
1000;"Y~X1*X2*X3-(X1:X2:X3)";-4,98767884091737;15;0,405465108108164;0,916290731874155;1,38629436111989;0,405465108108164;0,916290731874155;1,38629436111989;0;0;0;0;0;0;0;0;0;0;0,964036406436771;0,961736367300659;0,959232513871783;0,927945403073842;0,928887705152361;0,963034399568898;0,956228399538456;0,942582075473973;0,930463007707524;0,937115290505128;0,045378;0,083438;0,052064;0,058973;0,057964;0,089432;0,080002;0,082216;0,118475;0,078671;0,12251154900165;0,201268838238252;0,139119150696156;0,1651871516741;0,162212248331486;0,226992819289432;0,343382594027403;0,219275720770951;0,299412641914743;0,198689818094823
5000;"Y~X1*X2*X3-(X1:X2:X3)";-4,98767884091737;15;0,405465108108164;0,916290731874155;1,38629436111989;0,405465108108164;0,916290731874155;1,38629436111989;0;0;0;0;0;0;0;0;0;0;0,9658291698886;0,964217253087785;0,964218586453742;0,94518007838652;0,944510092553144;0,965647130421791;0,962041555975083;0,959182368162775;0,950619895590271;0,952314246590233;0,044238;0,0833146;0,046475;0,0495854;0,0496826;0,088532;0,0814734;0,0858916;0,1019794;0,0805162;0,118823757278513;0,19969862257798;0,125526045305017;0,139977736204843;0,139892707155731;0,223401414474302;0,338347829844162;0,22464384447325;0,258286052226528;0,198172779525933
100;"Y~X1*X2*X3-(X1:X2:X3)";-7,10294720032325;15;0,405465108108164;0,916290731874155;1,38629436111989;0,405465108108164;0,916290731874155;1,38629436111989;0,009;0,117;0,039;0,039;0,009;0,009;0,039;0,039;0,039;0,009;0,897404985069958;0,900095548420747;0,888594572171634;0,90739297975449;0,912755845500466;0,893988600445797;0,881313578000438;0,856272641639877;0,88520949185325;0,88532291564943;0,0455095862764884;0,0482219705549264;0,0468678459937565;0,0468054110301769;0,0460343087790111;0,0591321897073663;0,0572632674297607;0,05210197710718;0,0661810613943809;0,0640060544904137;0,875508112005471;0,156970009616005;0,155428217715138;0,156729238476044;0,141718649232673;0,996857717809494;0,250433266638026;0,175050166335712;0,220391180148334;0,183839852398494
500;"Y~X1*X2*X3-(X1:X2:X3)";-7,10294720032325;15;0,405465108108164;0,916290731874155;1,38629436111989;0,405465108108164;0,916290731874155;1,38629436111989;0;0;0;0;0;0;0;0;0;0;0,975597800944771;0,975976784191524;0,973991892694722;0,939628665732743;0,93932470623915;0,974629752821843;0,968994104765355;0,953180815856691;0,94690005348496;0,949338470333298;0,024302;0,04348;0,03174;0,036178;0,03719;0,058902;0,053918;0,045882;0,083364;0,048178;0,0774077482240052;0,115490605592796;0,0840269000534579;0,107720103003623;0,108779611287864;0,171416451295977;0,236083340925211;0,128691907088118;0,224716494029432;0,125269450241748
1000;"Y~X1*X2*X3-(X1:X2:X3)";-7,10294720032325;15;0,405465108108164;0,916290731874155;1,38629436111989;0,405465108108164;0,916290731874155;1,38629436111989;0;0;0;0;0;0;0;0;0;0;0,98093300360468;0,98042247330006;0,979179381536158;0,950126331835337;0,950864996676625;0,979625462094783;0,976315215211854;0,962595289300487;0,954769118508259;0,959146848758124;0,022876;0,043746;0,027742;0,033029;0,032805;0,062149;0,057539;0,048114;0,087231;0,045217;0,0634722793291734;0,113425083690584;0,0739728208165281;0,096210668870834;0,0943886642509451;0,161503355005801;0,245787004853425;0,129100567098682;0,226402261144557;0,115309847183407
5000;"Y~X1*X2*X3-(X1:X2:X3)";-7,10294720032325;15;0,405465108108164;0,916290731874155;1,38629436111989;0,405465108108164;0,916290731874155;1,38629436111989;0;0;0;0;0;0;0;0;0;0;0,983768741269311;0,982312677798333;0,982658687711472;0,966187637500443;0,966342826102747;0,98351006536791;0,981175253171929;0,976299313584933;0,970269736832941;0,971985294964501;0,0218618;0,0440754;0,0236074;0,0263458;0,0261106;0,0632278;0,062797;0,0567564;0,078802;0,0455006;0,0584968751084484;0,112826175127839;0,0635575486364641;0,0766018545190099;0,0757080487687046;0,158632791146117;0,260190134584648;0,145898978074556;0,196381405427414;0,112618670070127
100;"Y~X1*X2*X3-(X1:X2:X3)";-12,1170983000624;15;0,405465108108164;0,916290731874155;1,38629436111989;0,405465108108164;0,916290731874155;1,38629436111989;0,611;0,953;0,849;0,849;0,611;0,611;0,849;0,849;0,849;0,611;0,927374703397894;0,947902820103461;0,927458904800834;0,947029206472038;0,928618473498488;0,92491351444733;0,905216429404403;0,881897992280634;0,904246568709603;0,856313342845816;0,0210282776349614;0,0153191489361702;0,0162913907284768;0,0160927152317881;0,0155784061696658;0,0224164524421594;0,0199337748344371;0,0181456953642384;0,0272185430463576;0,0232133676092545;0,395265658152251;0,064249365409984;0,0628159712280379;0,056581177278106;0,0612394117170315;0,442191773135901;0,123760040262681;0,0838731623134535;0,111420440731803;0,102681508215189
500;"Y~X1*X2*X3-(X1:X2:X3)";-12,1170983000624;15;0,405465108108164;0,916290731874155;1,38629436111989;0,405465108108164;0,916290731874155;1,38629436111989;0,014;0,128;0,048;0,046;0,014;0,014;0,048;0,048;0,046;0,014;0,92293526965161;0,975297327426335;0,969495804751249;0,951037198136448;0,949138358078833;0,925110206295086;0,959994478628517;0,938656395427122;0,936004216885446;0,938095523332842;0,00891683569979716;0,00936238532110092;0,00896638655462185;0,00935639412997903;0,00917849898580122;0,0158316430020284;0,017155462184874;0,0128025210084034;0,0222872117400419;0,0159310344827586;0,167745125049421;0,0340229532791575;0,0336902556278381;0,0470567779175972;0,0357384086904197;0,281782574287803;0,0814059941180258;0,0441831197503586;0,0792641759375277;0,0515958731735355
1000;"Y~X1*X2*X3-(X1:X2:X3)";-12,1170983000624;15;0,405465108108164;0,916290731874155;1,38629436111989;0,405465108108164;0,916290731874155;1,38629436111989;0;0,002;0;0;0;0;0;0;0;0;0,964495165263128;0,990250332390633;0,989390583170836;0,959266044919087;0,963184024060478;0,969917589127513;0,988046226235712;0,972913448273203;0,970716150604243;0,970438896897403;0,006185;0,00891783567134269;0,007781;0,008856;0,008757;0,016264;0,021007;0,012805;0,028467;0,013185;0,0654229656268046;0,0284758872820897;0,0230533196786293;0,0462430685296307;0,0315173420895679;0,146023608536359;0,0924021381725249;0,0381959544086557;0,0878140052931061;0,0383671056519312
5000;"Y~X1*X2*X3-(X1:X2:X3)";-12,1170983000624;15;0,405465108108164;0,916290731874155;1,38629436111989;0,405465108108164;0,916290731874155;1,38629436111989;0;0;0;0,001;0;0;0;0;0;0;0,995356010835614;0,995916746192357;0,996082619555763;0,978508577186646;0,980115963281772;0,994772920859821;0,995838384576886;0,99051985384259;0,9855886447095;0,98647919446766;0,0045228;0,0086142;0,0054152;0,00725825825825826;0,0069698;0,0230618;0,0302138;0,0135642;0,036913;0,0109586;0,0125920201902505;0,0250439755698307;0,0145536756911406;0,024621868737676;0,0240676270514319;0,0677340543802273;0,115162709225922;0,0364341847733986;0,103693546445961;0,0287547229827427
100;"Y~X1*X2*X3-(X1:X2:X3)";-14,2826979128162;15;0,405465108108164;0,916290731874155;1,38629436111989;0,405465108108164;0,916290731874155;1,38629436111989;0,842;0,99;0,959;0,959;0,842;0,842;0,959;0,959;0,959;0,842;0,921791854190812;0,990003495931331;0,882273404481458;0,928250441222351;0,928750130840183;0,922787068473204;0,889895268231415;0,863209343749234;0,868550455056795;0,862966249043364;0,0192405063291139;0,012;0,0109756097560976;0,0121951219512195;0,0123417721518987;0,0204430379746835;0,0160975609756098;0,014390243902439;0,0226829268292683;0,0181645569620253;0,343707698941978;0,0451016964494249;0,0480858985205647;0,049084008678249;0,0508396739300256;0,37919920291193;0,106051661382032;0,0718159071348372;0,0926722740512048;0,0933095287398088
500;"Y~X1*X2*X3-(X1:X2:X3)";-14,2826979128162;15;0,405465108108164;0,916290731874155;1,38629436111989;0,405465108108164;0,916290731874155;1,38629436111989;0,178;0,598;0,366;0,362;0,178;0,178;0,366;0,366;0,362;0,178;0,915653869044861;0,972819233717191;0,955254207712716;0,951073669657622;0,944052016331277;0,923782562222022;0,951139105477111;0,924349077199988;0,914193376581796;0,891034923190678;0,00689051094890511;0,00526865671641791;0,00513564668769716;0,00896238244514106;0,0054014598540146;0,0101605839416058;0,00999684542586751;0,0079589905362776;0,0120564263322884;0,00937712895377129;0,14096963917872;0,0211164269695934;0,0241885610713912;0,151418459170905;0,0245738366214269;0,229590955204376;0,051120158867913;0,0307634542351796;0,0547393247260214;0,0417686768274587
1000;"Y~X1*X2*X3-(X1:X2:X3)";-14,2826979128162;15;0,405465108108164;0,916290731874155;1,38629436111989;0,405465108108164;0,916290731874155;1,38629436111989;0,018;0,129;0,048;0,048;0,018;0,018;0,048;0,048;0,048;0,018;0,923128512630392;0,987005201200753;0,981895373893483;0,944298512951309;0,951078482789013;0,938550470562181;0,9764485927249;0,9592371206898;0,946916766378856;0,950557214193934;0,00459368635437882;0,00463949483352469;0,00444012605042017;0,00712079831932773;0,00455600814663951;0,00959368635437882;0,0113098739495798;0,00735399159663865;0,0131544117647059;0,00815478615071283;0,0881906617225947;0,0174088787302382;0,0167284008318065;0,1102511241584;0,0201968409194822;0,191283121683894;0,0521311950831656;0,0250930433488934;0,0505152865670646;0,0273579671298471
5000;"Y~X1*X2*X3-(X1:X2:X3)";-14,2826979128162;15;0,405465108108164;0,916290731874155;1,38629436111989;0,405465108108164;0,916290731874155;1,38629436111989;0;0;0;0,001;0;0;0;0;0;0;0,995614317699933;0,997412292904502;0,997447653851772;0,97145023524257;0,976508333160569;0,996156570953481;0,9974681224132;0,991972113846196;0,990371080816208;0,989810780659223;0,0024148;0,0043694;0,0031696;0,00423943943943944;0,0041638;0,011739;0,019176;0,0072766;0,021663;0,0062926;0,0076741001815554;0,013157452580929;0,00848784113593302;0,0172159100608417;0,0155822960530958;0,0483815258646108;0,072835542850453;0,0201002110788429;0,0648419510058796;0,0170841794574146
100;"Y~X1*X2*X3-(X1:X2:X3)";-0,218736944568064;30;0,405465108108164;0,916290731874155;1,38629436111989;0,405465108108164;0,916290731874155;1,38629436111989;0;0;0;0;0;0;0;0;0;0;0,833312968089118;0,70749414797203;0,694684583921197;0,71267064072356;0,714978096753062;0,832308818331805;0,708649386632389;0,696437534490727;0,710863066309825;0,714679010512468;0,24236;0,37209;0,36888;0,33819;0,33589;0,24177;0,34222;0,35243;0,33629;0,33263;0,512903711349602;0,657608658157681;0,64708864935163;0,633406879739448;0,624360816213615;0,512828431172262;0,654458500734946;0,642199711417698;0,633280104338479;0,620714904272767
500;"Y~X1*X2*X3-(X1:X2:X3)";-0,218736944568064;30;0,405465108108164;0,916290731874155;1,38629436111989;0,405465108108164;0,916290731874155;1,38629436111989;0;0;0;0;0;0;0;0;0;0;0,848226543667124;0,815444892539385;0,815422786888511;0,768503368065483;0,772049342674011;0,848088490983812;0,815100978798694;0,8157149586186;0,768096118121166;0,772092655773317;0,228996;0,264042;0,260106;0,283044;0,279418;0,228744;0,25708;0,258722;0,282356;0,27929;0,46962951837416;0,591300898763437;0,527973704909899;0,567983236975478;0,563586522957838;0,469211285091224;0,590276929302769;0,527814607166328;0,56794261237228;0,562872178598549
1000;"Y~X1*X2*X3-(X1:X2:X3)";-0,218736944568064;30;0,405465108108164;0,916290731874155;1,38629436111989;0,405465108108164;0,916290731874155;1,38629436111989;0;0;0;0;0;0;0;0;0;0;0,850804687434166;0,83167174023977;0,83131691204079;0,789114648714922;0,788767500632032;0,850772586397609;0,831478480669193;0,831564421732319;0,788773592342417;0,788970010295655;0,227187;0,245126;0,244213;0,266401;0,26653;0,226977;0,243475;0,243748;0,266199;0,266593;0,464854732042764;0,558644396543585;0,500175722835846;0,545145671183257;0,543843008676551;0,464651619788432;0,558225942689562;0,499743756871808;0,545130792154956;0,543764773257547
5000;"Y~X1*X2*X3-(X1:X2:X3)";-0,218736944568064;30;0,405465108108164;0,916290731874155;1,38629436111989;0,405465108108164;0,916290731874155;1,38629436111989;0;0;0;0;0;0;0;0;0;0;0,852365399133793;0,84652721379047;0,847350276965535;0,819238576848415;0,820210544067569;0,852359771685333;0,846524392654529;0,847200192007748;0,819150537948474;0,82014432468759;0,2255522;0,2311842;0,2293202;0,2510104;0,2477286;0,2255056;0,2310614;0,2294164;0,2510268;0,2476966;0,4620610909347;0,50878713784425;0,473139326373155;0,514688355175859;0,507534176060457;0,462015027151485;0,50892591984731;0,473268343287908;0,514674992603577;0,507586838778568
100;"Y~X1*X2*X3-(X1:X2:X3)";-4,98767884091737;30;0,405465108108164;0,916290731874155;1,38629436111989;0,405465108108164;0,916290731874155;1,38629436111989;0;0,001;0;0;0;0;0;0;0;0;0,918115645336593;0,879107677870305;0,870218786341716;0,875198165683271;0,879394762835677;0,915761369769809;0,864110746752897;0,829113527924827;0,873756185146377;0,873421123492744;0,0647;0,0961161161161161;0,08968;0,08566;0,08261;0,09585;0,09937;0,09265;0,11092;0,10421;0,672194713742345;0,269075100530889;0,248137660269878;0,254471157453772;0,230224925549106;0,789801182162011;0,386776780756287;0,274611493404393;0,307500176222026;0,270624003005414
500;"Y~X1*X2*X3-(X1:X2:X3)";-4,98767884091737;30;0,405465108108164;0,916290731874155;1,38629436111989;0,405465108108164;0,916290731874155;1,38629436111989;0;0;0;0;0;0;0;0;0;0;0,961944262772839;0,956572572011202;0,955019532129849;0,913448129820044;0,912999481616544;0,960425826890764;0,946724876839289;0,92505425871465;0,919537668801618;0,924843081609241;0,046436;0,089068;0,059072;0,066564;0,066512;0,089196;0,077078;0,075606;0,124136;0,08219;0,128202316703828;0,218003475375082;0,154487242536384;0,18513793183592;0,18357678859966;0,230868893656313;0,365624246338479;0,211132485174401;0,320750454306243;0,210779686934434
1000;"Y~X1*X2*X3-(X1:X2:X3)";-4,98767884091737;30;0,405465108108164;0,916290731874155;1,38629436111989;0,405465108108164;0,916290731874155;1,38629436111989;0;0;0;0;0;0;0;0;0;0;0,963983643353042;0,960517980679762;0,958703989080931;0,925305773648752;0,926662983734479;0,963297866873868;0,955050555222761;0,933137113043339;0,928880752710616;0,934496455161374;0,04545;0,083633;0,053151;0,060928;0,05915;0,089142;0,078434;0,077388;0,119067;0,078021;0,123160122332837;0,20226340753524;0,141523568362333;0,169316917271072;0,165252291232662;0,225831997083508;0,343714145385018;0,206971985221397;0,303184637395334;0,198547796138513
5000;"Y~X1*X2*X3-(X1:X2:X3)";-4,98767884091737;30;0,405465108108164;0,916290731874155;1,38629436111989;0,405465108108164;0,916290731874155;1,38629436111989;0;0;0;0;0;0;0;0;0;0;0,965880837322956;0,963777916101883;0,964164607899893;0,943788938480291;0,943647235312989;0,965745955598144;0,962020903483783;0,951407050040223;0,950115930055987;0,951265666777611;0,0443052;0,0829242;0,0466408;0,0501726;0,0500962;0,0888618;0,0814556;0,0837558;0,1027848;0,079916;0,11882615932647;0,199193757610903;0,126024859527943;0,141942878218735;0,14092446475908;0,22413607897107;0,339229376258738;0,217889615645838;0,262139848918286;0,197322183748335
100;"Y~X1*X2*X3-(X1:X2:X3)";-7,10294720032325;30;0,405465108108164;0,916290731874155;1,38629436111989;0,405465108108164;0,916290731874155;1,38629436111989;0,015;0,139;0,048;0,048;0,015;0,015;0,048;0,048;0,048;0,015;0,903533114666632;0,866399139133164;0,846231123602571;0,89432341422948;0,8989751669507;0,90380595123814;0,855902054412107;0,82176771070632;0,879572628560646;0,873355882370052;0,044507614213198;0,048664343786295;0,0478046218487395;0,0473109243697479;0,0466903553299492;0,0578984771573604;0,0550735294117647;0,0501155462184874;0,0661239495798319;0,0638984771573604;0,87466701006859;0,16479652684105;0,170978795859552;0,172720750086173;0,148183413721052;0,966636955209649;0,251295525927635;0,173407873511464;0,218072720613752;0,190696835613389
500;"Y~X1*X2*X3-(X1:X2:X3)";-7,10294720032325;30;0,405465108108164;0,916290731874155;1,38629436111989;0,405465108108164;0,916290731874155;1,38629436111989;0;0;0;0;0;0;0;0;0;0;0,975832477803851;0,974231986811494;0,974157453342218;0,935878532750991;0,935320193776649;0,974497104070384;0,967350786564509;0,946302192480051;0,945806291311601;0,94625438842661;0,024572;0,0459;0,033116;0,037218;0,037814;0,061228;0,052676;0,04243;0,086636;0,048538;0,0749631837382342;0,126080238168095;0,087833562420415;0,110206786607262;0,110128894812326;0,173881606641052;0,260123403118524;0,122180143884378;0,233337454362566;0,127123284788064
1000;"Y~X1*X2*X3-(X1:X2:X3)";-7,10294720032325;30;0,405465108108164;0,916290731874155;1,38629436111989;0,405465108108164;0,916290731874155;1,38629436111989;0;0;0;0;0;0;0;0;0;0;0,979970260355789;0,979065048729768;0,978314058305324;0,947033325263198;0,947440593787862;0,978981735374963;0,974560889402077;0,955722462292163;0,953315876046965;0,957342421767962;0,023152;0,044375;0,028859;0,034342;0,0343;0,062373;0,054919;0,042985;0,088274;0,045434;0,0655059858152499;0,115832651530432;0,0764754422353774;0,0997079229923348;0,098027466197673;0,163418518572245;0,24402311957297;0,117728498669548;0,233119726855976;0,116517184248969
5000;"Y~X1*X2*X3-(X1:X2:X3)";-7,10294720032325;30;0,405465108108164;0,916290731874155;1,38629436111989;0,405465108108164;0,916290731874155;1,38629436111989;0;0;0;0;0;0;0;0;0;0;0,983580215102757;0,981890703518519;0,982461644999889;0,964943397289573;0,965192081837035;0,983272132739694;0,980794945222774;0,968842236081734;0,969328701322852;0,970851177799516;0,0219248;0,0442082;0,023789;0,0267888;0,0264464;0,0631112;0,0621146;0,0490978;0,0789168;0,0451784;0,0588386145895223;0,113354260742537;0,0641629096885878;0,0772968506029187;0,0765423257230399;0,158346077392972;0,259647375952984;0,127792147551913;0,197985467389498;0,111675647197645
100;"Y~X1*X2*X3-(X1:X2:X3)";-12,1170983000624;30;0,405465108108164;0,916290731874155;1,38629436111989;0,405465108108164;0,916290731874155;1,38629436111989;0,616;0,957;0,825;0,825;0,616;0,616;0,825;0,825;0,825;0,616;0,916404686354522;0,902344574166058;0,866418777245427;0,931104992043255;0,921584763514214;0,916238920240331;0,862680542527205;0,835794126789225;0,897311135570826;0,86138728464402;0,0225520833333333;0,0146511627906977;0,0160571428571429;0,0157142857142857;0,0156510416666667;0,0240364583333333;0,0199428571428571;0,0179428571428571;0,0260571428571429;0,02375;0,422593601690473;0,0610420830726747;0,0771351421308885;0,0670457588760134;0,0662859867571001;0,457557599129953;0,122740305646161;0,0837183742692736;0,105012021707256;0,102913095470844
500;"Y~X1*X2*X3-(X1:X2:X3)";-12,1170983000624;30;0,405465108108164;0,916290731874155;1,38629436111989;0,405465108108164;0,916290731874155;1,38629436111989;0,015;0,144;0,06;0,06;0,015;0,015;0,06;0,06;0,06;0,015;0,929345679432341;0,961480525932306;0,950228176210746;0,93943689376804;0,943175352394844;0,934190538643884;0,94526874392198;0,9145441769321;0,931123715381765;0,932945303815445;0,00894010152284264;0,00975467289719626;0,00944042553191489;0,0126404255319149;0,00916548223350254;0,0156791878172589;0,0159574468085106;0,011436170212766;0,021636170212766;0,0153583756345178;0,171008661042746;0,0375810284673874;0,0367710233254489;0,157346194372323;0,0361541605258236;0,270871887952094;0,090532335510025;0,0441080159595375;0,0786484991364739;0,0504366203540103
1000;"Y~X1*X2*X3-(X1:X2:X3)";-12,1170983000624;30;0,405465108108164;0,916290731874155;1,38629436111989;0,405465108108164;0,916290731874155;1,38629436111989;0;0,001;0;0;0;0;0;0;0;0;0,963027347888039;0,987908866686348;0,986730410394217;0,951611222103526;0,958047577441271;0,969160199983719;0,984243188513005;0,962223448245572;0,969169966155832;0,967285553755714;0,006222;0,00915915915915916;0,008188;0,009871;0,008729;0,016749;0,018132;0,010929;0,030324;0,013521;0,0679405695123775;0,0301215291844522;0,0249812994047852;0,0762425991925827;0,0314800986490157;0,154376207904889;0,0875540740450106;0,0351610516232235;0,0929126428755878;0,0398201209848303
5000;"Y~X1*X2*X3-(X1:X2:X3)";-12,1170983000624;30;0,405465108108164;0,916290731874155;1,38629436111989;0,405465108108164;0,916290731874155;1,38629436111989;0;0;0;0;0;0;0;0;0;0;0,995508817171475;0,995791154093942;0,996111010582613;0,979222876047936;0,980463185913646;0,99514292451282;0,995802429567093;0,987132023054169;0,98586834697984;0,98614560358996;0,0045312;0,0086198;0,0055904;0,0073664;0,0071666;0,023413;0,0289886;0,011429;0,0388226;0,011232;0,0125727174493738;0,0250589341748619;0,0148926640963823;0,0247995109577187;0,0236722400520721;0,0683536895727226;0,114513701241558;0,0311923332137327;0,110249423414486;0,0293254946959677
100;"Y~X1*X2*X3-(X1:X2:X3)";-14,2826979128162;30;0,405465108108164;0,916290731874155;1,38629436111989;0,405465108108164;0,916290731874155;1,38629436111989;0,852;0,995;0,968;0,968;0,852;0,852;0,968;0,968;0,968;0,852;0,935095087154066;0,88886827458256;0,848254415207195;0,973872977221191;0,927838644416907;0,921692040245865;0,863134454422194;0,850488799471679;0,946272868331963;0,90851098577592;0,0190540540540541;0,012;0,0125;0,0128125;0,0137837837837838;0,0198648648648649;0,0159375;0,01375;0,0215625;0,0172972972972973;0,332840977100358;0,0533894385612097;0,0584887464657466;0,0480664144703694;0,062143504793067;0,379444090725565;0,10004241878539;0,0651572579092736;0,0960458074834406;0,0836137224479833
500;"Y~X1*X2*X3-(X1:X2:X3)";-14,2826979128162;30;0,405465108108164;0,916290731874155;1,38629436111989;0,405465108108164;0,916290731874155;1,38629436111989;0,162;0,589;0,366;0,366;0,162;0,162;0,366;0,366;0,366;0,162;0,912239973842373;0,96488748046336;0,943619974448044;0,940903448542583;0,938478149308895;0,914949098978642;0,931696031947199;0,898029669503429;0,923457248166847;0,885918568608498;0,00664439140811456;0,00524574209245742;0,00536593059936909;0,0074763406940063;0,00527684964200477;0,0100644391408115;0,00886750788643533;0,00682649842271293;0,012;0,00934606205250597;0,142748045375985;0,0229886748733956;0,0258221615172206;0,0990034720366714;0,0231415641908508;0,23982303161798;0,0550367936230505;0,0307171123381574;0,0573109738222592;0,0426203141605303
1000;"Y~X1*X2*X3-(X1:X2:X3)";-14,2826979128162;30;0,405465108108164;0,916290731874155;1,38629436111989;0,405465108108164;0,916290731874155;1,38629436111989;0,014;0,142;0,073;0,064;0,014;0,014;0,073;0,073;0,064;0,014;0,933165486439908;0,97937799448367;0,967911395517664;0,929244828182305;0,938070797135948;0,939117224753865;0,960708408449054;0,932781751294595;0,943974986822134;0,94489507985758;0,00461866125760649;0,00488694638694639;0,00474757281553398;0,00746688034188036;0,00576267748478701;0,00936105476673428;0,00926752966558792;0,00611650485436893;0,0132617521367521;0,00808823529411765;0,0850566170126166;0,019464987204284;0,0192994266557784;0,11617249641563;0,054450355398529;0,187362230069091;0,0489135558151807;0,0234538132714539;0,0522691459049884;0,0280061983585514
5000;"Y~X1*X2*X3-(X1:X2:X3)";-14,2826979128162;30;0,405465108108164;0,916290731874155;1,38629436111989;0,405465108108164;0,916290731874155;1,38629436111989;0;0;0;0;0;0;0;0;0;0;0,99615417997835;0,997317671043552;0,997524011484811;0,969722351915031;0,972655456176779;0,995840405433181;0,997395641392478;0,989239091322063;0,989069192912801;0,987803630399264;0,0024348;0,0043848;0,0032636;0,0043994;0,0042674;0,0116342;0,0175928;0,0061996;0,0231498;0,0064332;0,00743469700267946;0,0133763561049929;0,00875918172997775;0,0183919025136811;0,0158499850271682;0,046519124276253;0,0699862354080393;0,0174963212399133;0,0709911916391604;0,0175519963789023
